"","url","title","details","edition","color","seller","price","rating","shipping","reviews","questions","so","ram","weight","dim","battery","model","resolution","interface","form","colort","box"
"https://www.amazon.com.mx/Smartphone-Huawei-P30-Lite-Desbloqueado/dp/B07Q2WYT47/ref=sr_1_1?keywords=celulares&qid=1589084897&sr=8-1","https://www.amazon.com.mx/Smartphone-Huawei-P30-Lite-Desbloqueado/dp/B07Q2WYT47/ref=sr_1_1?keywords=celulares&qid=1589084897&sr=8-1","
                
                    
                    
                

                
                    
                    
                        Huawei P30 Lite Smartphone, 128 GB, Desbloqueado, 6.15 pulgadas, Color Azul Orquidea
                    
                

                
                    
                    
                
            ","
    






    
		
			
                                
							Tamaño de la pantalla: 6.15 pulgadas
							
						
					
						 
							MicroSD expandible a 256 GB
							
						
					
						 
							Parlantes stereo
							
						
					
						 
							Tipo de batería: Batería de polímero de litio
							
						
					
						 
							Sistema operativo: EMUI 9.0 (Basado en Android 9)
							
						
					
				","
    
        International Version
    
","
    
        Azul Orquidea
    
","Huawei","
        $5,399.00
    ","4.7 de 5","Envío GRATIS.","2,100 calificaciones","
        524 preguntas respondidas
      ","Android 9.0","4 GB","159 g","6.6 x 4.2 x 1.5 cm","1 Polímero de litio necesaria(s), incluida(s)","6901443293087","-1","Touch Screen","Smartphone","Azul Orquidea","Smartphone,cargador,manual"
"https://www.amazon.com.mx/Moto-E6-Plus-extra%C3%ADble-desbloqueado/dp/B07YZS1PBD/ref=sr_1_2?keywords=celulares&qid=1589084897&sr=8-2","https://www.amazon.com.mx/Moto-E6-Plus-extra%C3%ADble-desbloqueado/dp/B07YZS1PBD/ref=sr_1_2?keywords=celulares&qid=1589084897&sr=8-2","
                
                    
                    
                

                
                    
                    
                        Motorola Moto E6 Plus (64 GB, 4 GB) 6.1 pulgadas, batería extraíble de 3000 mAh, radio FM, EE. UU. + Global 4G LTE Dual SIM GSM desbloqueado de fábrica XT2025-1 - Modelo internacional, 64 GB, Graphite
                    
                

                
                    
                    
                
            ","
    






    
		
			
                                
							Modelo internacional. Compatible con la mayoría de operadores GSM como T-Mobile, AT&T, MetroPCS, etc. No funcionará con operadores CDMA, como Verizon, Sprint, Boost.
							
						
					
						 
							Pantalla de visión máxima de 6.1 pulgadas, 720 x 1560 píxeles, relación 19.5:9, Mediatek MT6762 Helio P22 (12 nm), procesador Octa-core, radio FM, punto de acceso.
							
						
					
						 
							64 GB ROM, 4 GB RAM, microSD, hasta 512 GB (utiliza ranura SIM compartida), Dual SIM (Nano-SIM, doble stand-by), lector de huellas dactilares.
							
						
					
						 
							Cámara trasera doble de 13 MP + 2 MP, cámara frontal de 8 MP, batería extraíble de 3000 mAh, Android 9.0 (Pie).
							
						
					
						 
							2G - GSM 850/900/1800/1900 MHz, 3G - WCDMA 850/900/1700/1900/2100 MHz, 4G - LTE B1 (2100), B2 (1900), B3 (1800), B4 (1700/2100), B5 (850), B7 (2600), B8 (900), B28 (700 APT).
							
						
					
				",NA,"Grafito","Motorola","
        $4,230.00
    ","4.1 de 5","Envío GRATIS.","53 calificaciones","
        35 preguntas respondidas
      ","-1","-1","-1","-1","Litio Ion","XT2025-1","6.1 inches","-1","-1","-1","-1"
"https://www.amazon.com.mx/Xiaomi-Redmi-Note-64gb-Dream/dp/B07Y9XWK4M/ref=sr_1_3?keywords=celulares&qid=1589084897&sr=8-3","https://www.amazon.com.mx/Xiaomi-Redmi-Note-64gb-Dream/dp/B07Y9XWK4M/ref=sr_1_3?keywords=celulares&qid=1589084897&sr=8-3","
                
                    
                    
                

                
                    
                    
                        Xiaomi Redmi Note 8 (4gb 64gb) 6.3"" Neptune Blue
                    
                

                
                    
                    
                
            ","
    






    
		
			
                                
							Pantalla: Grande 6,3 pulgadas, 1080 x 2340 píxeles
							
						
					
						 
							Chipset: Qualcomm SDM665 Snapdragon 665, hasta 2.0Ghz
							
						
					
						 
							Sistema: Android 9.0 (Pie) Con MIUI 10
							
						
					
						 
							Cámara: 13MP cámara selfie, 48MP 8MP 2MP 2MP cámaras quad traseras
							
						
					
						 
							Batería: batería de gran capacidad 4000mAh, viene con cargador rápido de 18W
							
						
					
				",NA,NA,"Xiaomi","
        $4,199.00
    ","4.5 de 5","Envío GRATIS.","7,668 calificaciones","
        438 preguntas respondidas
      ","Android","-1","191 g","15.8 x 7.5 x 0.8 cm","1 Polímero de litio necesaria(s), incluida(s)","M1908C3JGB-64","1080 x 2340","Microphone","-1","Azul","-1"
"https://www.amazon.com.mx/Xiaomi-Redmi-visualizaci%C3%B3n-Snapdragon-Desbloqueado/dp/B07YTK6WY1/ref=sr_1_4?keywords=celulares&qid=1589084897&sr=8-4","https://www.amazon.com.mx/Xiaomi-Redmi-visualizaci%C3%B3n-Snapdragon-Desbloqueado/dp/B07YTK6WY1/ref=sr_1_4?keywords=celulares&qid=1589084897&sr=8-4","
                
                    
                    
                

                
                    
                    
                        Xiaomi Redmi 8A (32GB, 2GB RAM) 6.22"" visualización HD, Snapdragon 439, Dual SIM gsm Desbloqueado – US & Global 4G LTE versión Internacional (Ocean Blue)
                    
                

                
                    
                    
                
            ","
    






    
		
			
                                
							visualización: pantalla táctil capacitiva IPS LCD de 6,22 pulgadas con Corning Gorilla Glass 5 - Resolución: 720 x 1520 píxeles
							
						
					
						 
							Memoria: 32 GB de RAM de 2 GB - microSD, hasta 512 GB (ranura dedicada)
							
						
					
						 
							Cámara principal: 12 MP, f/1.8, 1/2.55"", 1,4 µm, PDAF de doble píxel con flash LED, HDR - Cámara selfie: 8 MP, f/2.0, 1.12 µm con HDR
							
						
					
						 
							Sistema operativo: Android 9.0 (Pie); MIUI 9 - Chipset: Qualcomm Snapdragon 439 - CPU: Octa-core Cortex A53 - GPU: Adreno 505
							
						
					
						 
							WLAN: Wi-Fi 802.11 b/g/n, Wi-Fi Direct, punto de acceso - Bluetooth: 4.2, A2DP, LE - GPS: Sí, con A-GPS, GLONASS, GALILEO, BDS
							
						
					
				",NA,NA,"Xiaomi","
        $2,989.00
    ","4.4 de 5","Envío GRATIS.","635 calificaciones","
        77 preguntas respondidas
      ","-1","-1","-1","-1","Litio Ion","EAN 6941059630623","6.2 inches","Touch Screen","-1","-1","-1"
"https://www.amazon.com.mx/Huawei-FullView-Smartphone-Unlocked-Internacional/dp/B07F2RX25J/ref=sr_1_5?keywords=celulares&qid=1589084897&sr=8-5","https://www.amazon.com.mx/Huawei-FullView-Smartphone-Unlocked-Internacional/dp/B07F2RX25J/ref=sr_1_5?keywords=celulares&qid=1589084897&sr=8-5","
                
                    
                    
                

                
                    
                    
                        HUAWEI Y5 2018 Smartphone 4.5"" HD, 16GB, 3020mAh Battery, Desbloqueado, Latam Version - Negro
                    
                

                
                    
                    
                
            ","
    






    
		
			
                                
							Pantalla FullView de 5.45""
							
						
					
						 
							3, 020 mAh GRAN BATERÍA
							
						
					
						 
							1 GB RAM + 16 GB ROM, memoria ampliable con tarjeta microSD de datos de hasta 256 GB
							
						
					
						 
							Desbloqueo facial
							
						
					
				",NA,"
    
        Negro
    
","Huawei","
        $1,849.00
    ","4 de 5","Envío GRATIS.","120 calificaciones","
        42 preguntas respondidas
      ","-1","-1","141 g","14.7 x 7.1 x 0.8 cm","1 Polímero de litio necesaria(s), incluida(s)","Y5","-1","Touch Screen","touchscreen","Negro","Smartphone,cargador,manual"
"https://www.amazon.com.mx/Xiaomi-Redmi-Note-Negro-meteoro/dp/B07Y9ZHLXW/ref=sr_1_6?keywords=celulares&qid=1589084897&sr=8-6","https://www.amazon.com.mx/Xiaomi-Redmi-Note-Negro-meteoro/dp/B07Y9ZHLXW/ref=sr_1_6?keywords=celulares&qid=1589084897&sr=8-6","
                
                    
                    
                

                
                    
                    
                        Xiaomi Redmi Note 8 (4gb 64gb) 6.3"" Negro meteoro
                    
                

                
                    
                    
                
            ","
    






    
		
			
                                
							Pantalla: Grande 6,3 pulgadas, 1080 x 2340 píxeles
							
						
					
						 
							Chipset: Qualcomm SDM665 Snapdragon 665, hasta 2.0Ghz
							
						
					
						 
							Sistema: Android 9.0 (Pie) Con MIUI 10
							
						
					
						 
							Cámara: 13MP cámara selfie, 48MP 8MP 2MP 2MP cámaras quad traseras
							
						
					
						 
							Batería: batería de gran capacidad 4000mAh, viene con cargador rápido de 18W
							
						
					
				",NA,NA,"Xiaomi","
        $4,097.00
    ","4.5 de 5","Envío GRATIS.","6,789 calificaciones","
        348 preguntas respondidas
      ","-1","-1","-1","-1","Polímero de litio","M1908C3JGN-64","6.3 inches","Microphone","-1","-1","-1"
"https://www.amazon.com.mx/Samsung-Galaxy-desbloqueado-Prisma-Crush/dp/B082YG1L4B/ref=sr_1_7?keywords=celulares&qid=1589084897&sr=8-7","https://www.amazon.com.mx/Samsung-Galaxy-desbloqueado-Prisma-Crush/dp/B082YG1L4B/ref=sr_1_7?keywords=celulares&qid=1589084897&sr=8-7","
                
                    
                    
                

                
                    
                    
                        Samsung Galaxy A51 GSM desbloqueado, Prisma Crush Negro, 128 GB
                    
                

                
                    
                    
                
            ","
    






    
		
			
                                
							Pantalla: 164.0 mm (6.5""), Pantalla Infinity-O, Super AMOLED, Resolución: 1080 x 2400 (FHD+), profundidad de color: 16M.
							
						
					
						 
							RAM: 4 GB, ROM: 128 GB, MicroSD (hasta 512 GB), Octa-Core, 2.3 GHz, 1.7 GHz, Exynos 9611, 4000 mAh batería, escáner de huellas dactilares en pantalla
							
						
					
						 
							Cámara trasera cuádruple: 48 MP + 12 MP + 5 MP + 5 MP, zoom de la cámara trasera: Zoom digital de hasta 8x, cámara frontal: 32 MP.
							
						
					
						 
							2G: GSM850, GSM900, DCS1800, PCS1900, 3G: UMTSB1(2100), B2(1900), B4(AWS), B5(850), B8(900), 4G: FDD LTEB1(2100), B2(1900), B3(1800), B4(AWS), B5(850), B7(2600), B8(900), B12(700), B13(700), B17(700), B20(800), B26(850), B28(700), B66(AWS-3), 4G: TDD LTEB38(2600), B40(2300), B41(2500)
							
						
					
						 
							Modelo internacional. Compatible con la mayoría de operadores GSM como T-Mobile, AT&T, MetroPCS, etc. No funcionará con operadores CDMA, como Verizon, Sprint, Boost.
							
						
					
				",NA,"Negro","Samsung","
        $7,163.99
    ","4 de 5","Envío GRATIS.","170 calificaciones","
        78 preguntas respondidas
      ","-1","-1","-1","-1","Litio Ion","3112-SAMSUNG-3445","6.5 inches","Touch Screen","Smartphone","-1","-1"
"https://www.amazon.com.mx/Samsung-pantalla-pulgadas-Infinity-V-trasera/dp/B07XQJ33PL/ref=sr_1_8?keywords=celulares&qid=1589084897&sr=8-8","https://www.amazon.com.mx/Samsung-pantalla-pulgadas-Infinity-V-trasera/dp/B07XQJ33PL/ref=sr_1_8?keywords=celulares&qid=1589084897&sr=8-8","
                
                    
                    
                

                
                    
                    
                        Samsung Galaxy A10S A107M 32GB Unlocked GSM DUOS Phone w/ Dual 13MP & 2MP Camera (International Variant/US Compatible LTE) â€“ Black
                    
                

                
                    
                    
                
            ","
    






    
		
			
                                
							Compatible con la mayoría de operadores GSM como T-Mobile, AT&T, MetroPCS, etc. Modelo internacional de teléfono. No funcionará con operadores CDMA, como Verizon, Sprint, Boost.
							
						
					
						 
							Pantalla táctil capacitiva IPS LCD de 6.2 pulgadas, 16 millones de colores, procesador Mediatek MT6762 Helio P22 (12 nm), Octa-core
							
						
					
						 
							Dual SIM, desbloqueado, Android 9.0 (Pie), Samsung One UI; 32 GB de almacenamiento ampliable con tarjeta SD de hasta 512 GB + 2 GB de RAM
							
						
					
						 
							Cámara trasera dual de 13 MP + 2 MP (F1.8), cámara frontal de 8 MP (F2.0), no tiene NFC
							
						
					
						 
							Bandas 2G: GSM 850/900/1800/1900, bandas 3G: HSDPA 850 / 900 / 1900 / 2100, bandas 4G: Banda LTE B1(2100), B2(1900), B3(1800), B4(AWS), B5(850), B7(2600), B8(900), B12(700), B17(700), B28(700).
							
						
					
				",NA,NA,"Samsung","
        $3,399.00
    ","4.4 de 5",NA,"295 calificaciones","
        66 preguntas respondidas
      ","-1","-1","240 g","-1","1 Polímero de litio necesaria(s), incluida(s)","A107M","-1","Touch Screen","-1","-1","-1"
"https://www.amazon.com.mx/SAMSUNG-4203040-NEGRO-Galaxy-Triple-Desbloqueado/dp/B07ZDJCL76/ref=sr_1_9?keywords=celulares&qid=1589084897&sr=8-9","https://www.amazon.com.mx/SAMSUNG-4203040-NEGRO-Galaxy-Triple-Desbloqueado/dp/B07ZDJCL76/ref=sr_1_9?keywords=celulares&qid=1589084897&sr=8-9","
                
                    
                    
                

                
                    
                    
                        SAMSUNG 4203040-NEGRO Galaxy A20s, 32GB, Dual Sim, 3 GB RAM, Triple Cámara 13 MP, Desbloqueado
                    
                

                
                    
                    
                
            ","
    






    
		
			
                                
							Modelo internacional. Compatible con la mayoría de operadores GSM. No funcionará con operadores CDMA, como Verizon, Sprint, Boost
							
						
					
						 
							RAM 3 GB, ROM 32 GB de memoria interna. Micro SD (hasta 512 GB), Android 9.0 (Pie), Qualcomm SDM450 Snapdragon 450 (14 nm), Octa-core 1.8 GHz Cortex-A53, Adreno 506
							
						
					
						 
							Cámara trasera principal: 13.0 MP + 8.0 MP + 5.0 MP , F1.8 , F2.2 , F2.2. Cámara frontal: 8.0 MP, F2.0, batería Li-Po no extraíble de 4000 mAh.
							
						
					
						 
							3G HSDPA 850 / 900 / 1700(AWS) / 1900 / 2100, 4G LTE banda 1(2100), 2(1900), 3(1800), 5(850), 7(2600), 8(900), 20(800), 28(700), 34(2000), 38(2600), 39(1900), 40(2300), 41(2500)
							
						
					
				",NA,"
    
        Negro
    
","Samsung","
        $4,169.00
    ","4.2 de 5","Envío GRATIS.","240 calificaciones","
        21 preguntas respondidas
      ","-1","-1","-1","-1","Litio Ion","4203040-NEGRO","6.5 inches","Touch Screen","Smartphone","-1","-1"
"https://www.amazon.com.mx/pantalla-pulgadas-c%C3%A1maras-bater%C3%ADa-desbloqueado/dp/B07WG44JH6/ref=sr_1_10?keywords=celulares&qid=1589084897&sr=8-10","https://www.amazon.com.mx/pantalla-pulgadas-c%C3%A1maras-bater%C3%ADa-desbloqueado/dp/B07WG44JH6/ref=sr_1_10?keywords=celulares&qid=1589084897&sr=8-10","
                
                    
                    
                

                
                    
                    
                        Huawei Y9 Prime 2019 (128 GB, 4 GB RAM) pantalla de 6.59 pulgadas, 3 cámaras AI, batería de 4000 mAh, Dual SIM GSM desbloqueado de fábrica - STK-LX3, US & Global 4G LTE modelo internacional, 128 GB, Azul
                    
                

                
                    
                    
                
            ","
    






    
		
			
                                
							Visualización: LTPS IPS LCD 6.59 pulgadas 1080 x 2340 píxeles.
							
						
					
						 
							Android 9.0 (Pie); EMUI 9.
							
						
					
						 
							Hisilicon Kirin 710F (12 nm) Octa-core (4x2.2 GHz Cortex-A73 & 4x1.7 GHz Cortex-A53) Mali-G51 MP4.
							
						
					
						 
							microSD, hasta 1 TB 128 GB, 4 GB RAM.
							
						
					
						 
							No apto para operadores CDMA como Verizon, Sprint, Virgin Mobile, Boost Mobile, US Cellular, Straight Talk ni cualquier otro operador CDMA.
							
						
					
				",NA,NA,"Huawei",NA,"4.5 de 5",NA,"264 calificaciones","
        55 preguntas respondidas
      ","Android 9.0","4 GB","431 g","-1","1 Polímero de litio (Tipo de pila necesaria)","STK-LX3","1080 x 2340","-1","-1","Sapphire Blue","-1"
"https://www.amazon.com.mx/Motorola-XT1922-5-Pantalla-Vision-Fabrica/dp/B07CHWTWYP/ref=sr_1_11?keywords=celulares&qid=1589084897&sr=8-11","https://www.amazon.com.mx/Motorola-XT1922-5-Pantalla-Vision-Fabrica/dp/B07CHWTWYP/ref=sr_1_11?keywords=celulares&qid=1589084897&sr=8-11","
                
                    
                    
                

                
                    
                    
                        Motorola Moto G6 Play Dual Sim 32GB XT1922-5 Pantalla Max Vision de 5.7"" Full HD+ Libre de Fabrica, Azul Indigo
                    
                

                
                    
                    
                
            ","
    






    
		
			
                                
							UMTS/HSPA+ (B1, 2, 4, 5, 8) - 4G LTE LTE B1(2100), B2(1900), B3(1800), B4(1700), B5(850), B7(2600), B28(700) - Dual SIM (Nano-SIM, dual stand-by)
							
						
					
						 
							Disfruta de tu entretenimiento favorito en una visualización HD+ Max Vision de 5,7 pulgadas - Micro-USB, conector de auriculares de 3,5 mm
							
						
					
						 
							32 GB, 3 RAM - Obtenga toda la velocidad que necesita con un procesador de cuatro núcleos de 1,4 GHz y un montón de RAM - Android 8.0, Oreo - microSD, hasta 256 GB - Batería de ion de litio no extraíble 4000 mAh
							
						
					
						 
							13 MP con enfoque automático de detección de fase (PDAF), apertura de /2.0 - Nunca te pierdas una gran fotografía con una cámara que se enfoca tan rápido como tú.
							
						
					
						 
							Los teléfonos celulares desbloqueados de fábrica son compatibles con la mayoría de los portadores GSM como AT&T y T-Mobile, pero no son compatibles con portadores CDMA como Verizon y Sprint.
							
						
					
				",NA,"Índigo profundo","Motorola","
        $2,999.00
    ","4 de 5",NA,"351 calificaciones","
        117 preguntas respondidas
      ","android","3 GB","227 g","4.9 x 9.4 x 1.6 cm","1 Litio Ion (Tipo de pila necesaria)","XT1922-5","-1","-1","-1","Índigo profundo","-1"
"https://www.amazon.com.mx/Huawei-JKM-LX3-Smartphone-Negro-Desbloqueado/dp/B07JGVYVK8/ref=sr_1_12?keywords=celulares&qid=1589084897&sr=8-12","https://www.amazon.com.mx/Huawei-JKM-LX3-Smartphone-Negro-Desbloqueado/dp/B07JGVYVK8/ref=sr_1_12?keywords=celulares&qid=1589084897&sr=8-12","
                
                    
                    
                

                
                    
                    
                        Huawei Y9 2019 - Smartphone 6.5"" FHD+, 64GB, 4000mAh Battery, Desbloqueado - Negro
                    
                

                
                    
                    
                
            ","
    






    
		
			
                                
							Color Negro
							
						
					
						 
							MicroSD expandible a 400 GB
							
						
					
						 
							Lector de huella
							
						
					
						 
							Dos camaras IA
							
						
					
						 
							Pantalla fullview1 de 6.5"" pulgadas
							
						
					
						 
							Bateria de 4,000 mAh4
							
						
					
				",NA,"
    
        Negro
    
","Huawei","
        $4,499.00
    ","4.7 de 5","Envío GRATIS.","1,373 calificaciones","
        389 preguntas respondidas
      ","-1","3 GB","191 g","6.2 x 3.8 x 1.5 cm","1 Litio Ion necesaria(s), incluida(s)","JKM-LX3","-1","Touch Screen","Smartphone","Negro","Smartphone,cargador,manual"
"https://www.amazon.com.mx/Samsung-Galaxy-desbloqueado-Prisma-Blanco/dp/B083NJRP1L/ref=sr_1_13?keywords=celulares&qid=1589084897&sr=8-13","https://www.amazon.com.mx/Samsung-Galaxy-desbloqueado-Prisma-Blanco/dp/B083NJRP1L/ref=sr_1_13?keywords=celulares&qid=1589084897&sr=8-13","
                
                    
                    
                

                
                    
                    
                        Samsung Galaxy A51 GSM desbloqueado, 128 GB, Prisma Crush Blanco
                    
                

                
                    
                    
                
            ","
    






    
		
			
                                
							Pantalla: 164.0 mm (6.5""), Pantalla Infinity-O, Super AMOLED, Resolución: 1080 x 2400 (FHD+), profundidad de color: 16M.
							
						
					
						 
							RAM: 4 GB, ROM: 128 GB, MicroSD (hasta 512 GB), Octa-Core, 2.3 GHz, 1.7 GHz, Exynos 9611, 4000 mAh batería, escáner de huellas dactilares en pantalla
							
						
					
						 
							Cámara trasera cuádruple: 48 MP + 12 MP + 5 MP + 5 MP, zoom de la cámara trasera: Zoom digital de hasta 8x, cámara frontal: 32 MP.
							
						
					
						 
							2G: GSM850, GSM900, DCS1800, PCS1900, 3G: UMTSB1(2100), B2(1900), B4(AWS), B5(850), B8(900), 4G: FDD LTEB1(2100), B2(1900), B3(1800), B4(AWS), B5(850), B7(2600), B8(900), B12(700), B13(700), B17(700), B20(800), B26(850), B28(700), B66(AWS-3), 4G: TDD LTEB38(2600), B40(2300), B41(2500)
							
						
					
						 
							Modelo internacional. Compatible con la mayoría de operadores GSM como T-Mobile, AT&T, MetroPCS, etc. No funcionará con operadores CDMA, como Verizon, Sprint, Boost.
							
						
					
				",NA,NA,"Samsung Electronics","
        $7,198.00
    ","4.1 de 5","Envío GRATIS.","52 calificaciones","
        16 preguntas respondidas
      ","-1","-1","-1","-1","Litio Ion","-1","6.5 inches","-1","Smartphone","-1","-1"
"https://www.amazon.com.mx/Tel%C3%A9fono-desbloqueado-ultradelgado-Octa-Core-visualizaci%C3%B3n/dp/B07VBBXRZB/ref=sr_1_14?keywords=celulares&qid=1589084897&sr=8-14","https://www.amazon.com.mx/Tel%C3%A9fono-desbloqueado-ultradelgado-Octa-Core-visualizaci%C3%B3n/dp/B07VBBXRZB/ref=sr_1_14?keywords=celulares&qid=1589084897&sr=8-14","
                
                    
                    
                

                
                    
                    
                        Teléfono celular desbloqueado 2019, ultradelgado Android 6.0 Octa-Core 512MB+4G GSM WiFi visualización táctil teléfono celular, Azul, 1
                    
                

                
                    
                    
                
            ","
    






    
		
			
                                
							Batería de iones de litio de 3800 mAh para toneladas de tiempo de visualización en una sola carga y modo de ahorro de energía ultra para extender su carga aún más tiempo, manteniéndote conectado cuando más lo necesites.
							
						
					
						 
							<U+2705> ** 2.0MP + 5.0MP ** Esta innovadora cámara es adecuada para la misma luz sensible del ojo humano, las fotos de la nueva cámara tomadas en condiciones de poca luz y luz brillante son más nítidas y más realistas. Características de la foto: efecto de belleza, belleza facial, HDR.
							
						
					
						 
							RAM + ROM: 512 MB de RAM + 4 GB de ROM, proporciona una experiencia de usuario más inteligente, más eficiente y conveniente. ofrecen una experiencia de funcionamiento del sistema increíblemente notable y un rendimiento altamente eficiente
							
						
					
						 
							La nueva dimensión del sonido ha llegado. Dolby Atmos te rodeará con sonido 3D, sumergiéndote en una experiencia espectacular, como en un cine.Comparte fotos y vídeos al instante con el software social. Así que siempre te sientes como en casa.
							
						
					
						 
							Características adicionales: a prueba de polvo, GPRS, visualización táctil, mensaje, recepción de TV, Bluetooth, reproductor de vídeo, Wi-Fi, reproducción MP3, reconocimiento de huellas dactilares, radio FM, cámara frontal, ranuras para tarjetas de memoria, correo electrónico.
							
						
					
				",NA,"
    
        Azul
    
","Cobcob cell phone","
        $791.88
    ","2.4 de 5",NA,"15 calificaciones",NA,"-1","-1","-1","-1","-1","-1","-1","-1","-1","Azul","-1"
"https://www.amazon.com.mx/Huawei-DBU-LX3-Smartphone-6-26-color/dp/B07NDL1D58/ref=sr_1_15?keywords=celulares&qid=1589084897&sr=8-15","https://www.amazon.com.mx/Huawei-DBU-LX3-Smartphone-6-26-color/dp/B07NDL1D58/ref=sr_1_15?keywords=celulares&qid=1589084897&sr=8-15","
                
                    
                    
                

                
                    
                    
                        Huawei DBU-LX3 Y7 - Smartphone de 6.26"", Azul
                    
                

                
                    
                    
                
            ","
    






    
		
			
                                
							Color Azul
							
						
					
						 
							MicroSD expandible a 512 GB
							
						
					
						 
							Lector de huella
							
						
					
				",NA,"
    
        Azul
    
","Huawei","
        $3,250.00
    ","4.5 de 5","Envío GRATIS.","274 calificaciones","
        81 preguntas respondidas
      ","-1","-1","159 g","5.8 x 3.4 x 1.5 cm","1 Polímero de litio necesaria(s), incluida(s)","6901443278527","-1","-1","Smartphone","Azul","Smartphone,cargador,manual"
"https://www.amazon.com.mx/gp/video/ssoredirect/?ru=https%3A%2F%2Fapp.primevideo.com%2Fdetail%3Fgti%3Damzn1.dv.gti.32b36084-41c7-8ef6-5d53-b86555af658c%26ref_%3Ddvm_src_ret_mx_xx_s&page-type-id=B07WQYTF85&ref=sr_1_16&keywords=celulares&qid=1589084897&sr=8-16","https://www.amazon.com.mx/gp/video/ssoredirect/?ru=https%3A%2F%2Fapp.primevideo.com%2Fdetail%3Fgti%3Damzn1.dv.gti.32b36084-41c7-8ef6-5d53-b86555af658c%26ref_%3Ddvm_src_ret_mx_xx_s&page-type-id=B07WQYTF85&ref=sr_1_16&keywords=celulares&qid=1589084897&sr=8-16",NA,NA,NA,NA,NA,NA,NA,NA,NA,NA,"-1","-1","-1","-1","-1","-1","-1","-1","-1","-1","-1"
"https://www.amazon.com.mx/Xiaomi-Redmi-128GB-Interestelar-Desbloqueado/dp/B085S4M9Z7/ref=sr_1_17?keywords=celulares&qid=1589084897&sr=8-17","https://www.amazon.com.mx/Xiaomi-Redmi-128GB-Interestelar-Desbloqueado/dp/B085S4M9Z7/ref=sr_1_17?keywords=celulares&qid=1589084897&sr=8-17","
                
                    
                    
                

                
                    
                    
                        Xiaomi Redmi Note 9S 128GB Gris Interestelar Desbloqueado
                    
                

                
                    
                    
                
            ","
    






    
		
			
                                
							Qualcomm Snapdragon 720G, Procesador de 8 nm con hasta 2,3 GHz
							
						
					
						 
							Batería de gran capacidad de 5020 mAh (típ), compatible con carga rápida de 18 W
							
						
					
						 
							Pantalla DotDisplay FHD+ de 6,67"", sensor de huellas lateral
							
						
					
						 
							Cámara cuádruple de 48 + 8 + 5 + 2 MP con IA
							
						
					
						 
							Conector de auriculares de 3,5 mm, nano revestimiento resistente a salpicaduras
							
						
					
				",NA,NA,"Xiaomi","
        $5,878.00
    ","4.2 de 5","Envío GRATIS.","219 calificaciones","
        53 preguntas respondidas
      ","-1","-1","-1","-1","-1","-1","-1","-1","-1","Gris","-1"
"https://www.amazon.com.mx/Samsung-Galaxy-Triple-Camara-Fabrica/dp/B07YZS2X7J/ref=sr_1_18?keywords=celulares&qid=1589084897&sr=8-18","https://www.amazon.com.mx/Samsung-Galaxy-Triple-Camara-Fabrica/dp/B07YZS2X7J/ref=sr_1_18?keywords=celulares&qid=1589084897&sr=8-18","
                
                    
                    
                

                
                    
                    
                        Samsung Galaxy A30S Teléfono GSM desbloqueado, 64GB + 64GB SD + Case Bundle, Blanco
                    
                

                
                    
                    
                
            ","
    






    
		
			
                                
							Pantalla Infinity-V Super AMOLED de 6.4 pulgadas, 720 x 1560 pixeles, relación 19.5:9 (densidad ~268 ppp), batería 4000 mAh con carga rápida de 15 W, huella digital en pantalla
							
						
					
						 
							64 GB ROM, 4GB RAM - microSD hasta 1 TB, triple cámara trasera (25 MP+8 MP+5 MP) con flash LED, panorámica, HDR y cámara frontal de 16 MP.
							
						
					
						 
							Sistema operativo Android, Exynos 7885, Octa-Core (doble núcleo de 1.8 GHz, Cortex-A73 y Hexa Core 1.6 GHz Cortex-A53), Mali-G71
							
						
					
						 
							3G HSDPA 850 / 900 / 1700(AWS) / 1900 / 2100, banda 4G LTE 1(2100), 2(1900), 3(1800), 4(1700/2100), 5(850), 7(2600), 8(900), 12(700), 13(700), 17(700), 20(800), 28(700), 38(2600), 40(2300), 41(2500), 66(1700/2100)
							
						
					
						 
							Modelo internacional. Compatible con la mayoría de operadores GSM como T-Mobile, AT&T, MetroPCS, etc. No funcionará con operadores CDMA, como Verizon, Sprint, Boost.
							
						
					
				",NA,"
    
        Blanco
    
","Samsung","
        $5,299.00
    ","4.5 de 5","Envío GRATIS.","105 calificaciones","
        11 preguntas respondidas
      ","-1","-1","-1","-1","Litio Ion","A307G/DS","6.4 inches","-1","-1","-1","-1"
"https://www.amazon.com.mx/Huawei-Y5-NEO-Smartphone-Desbloqueado/dp/B08149ZDT6/ref=sr_1_19?keywords=celulares&qid=1589084897&sr=8-19","https://www.amazon.com.mx/Huawei-Y5-NEO-Smartphone-Desbloqueado/dp/B08149ZDT6/ref=sr_1_19?keywords=celulares&qid=1589084897&sr=8-19","
                
                    
                    
                

                
                    
                    
                        Huawei Y5 NEO - Smartphone 5.45"" HD, 16GB, 3020mAh Battery, Desbloqueado, Latam version - Café
                    
                

                
                    
                    
                
            ","
    






    
		
			
                                
							Pantalla FullView de 5.45""
							
						
					
						 
							3,020 mAh GRAN BATERÍA
							
						
					
						 
							1 GB RAM + 16 GB ROM, memoria ampliable con tarjeta microSD de datos de hasta 256 GB
							
						
					
				",NA,NA,"Huawei","
        $1,899.00
    ","4.5 de 5","Envío GRATIS.","4 calificaciones","
        3 preguntas respondidas
      ","-1","-1","272 g","-1","-1","Huawei Y5 NEO","-1","-1","-1","Café","-1"
"https://www.amazon.com.mx/Xiaomi-pulgadas-Smartphone-desbloqueado-f%C3%A1brica/dp/B07YZLRBFP/ref=sr_1_20?keywords=celulares&qid=1589084897&sr=8-20","https://www.amazon.com.mx/Xiaomi-pulgadas-Smartphone-desbloqueado-f%C3%A1brica/dp/B07YZLRBFP/ref=sr_1_20?keywords=celulares&qid=1589084897&sr=8-20","
                
                    
                    
                

                
                    
                    
                        Xiaomi Redmi Note 8 64 GB + 4 GB de RAM, 6.3 pulgadas LTE 48 MP Smartphone desbloqueado de fábrica GSM - Versión internacional, Azul (Neptune Blue)
                    
                

                
                    
                    
                
            ","
    






    
		
			
                                
							HSDPA 850/900/2100 - LTE B1 (2100) B2 (1900 PCS) B3 (1800 +) B4 (1700/2100 AWS 1) B5 (850) B7 (2600) B8 (900) B20 (800 DD) B28 (700 APT) B38 (TD 2600) B40 (TD 2300) Dual SIM (Nano-SIM, doble stand-by) (asegúrate de comprobar la compatibilidad con tu operador antes de comprar).
							
						
					
						 
							6.3 pulgadas 1080 x 2340 píxeles, relación 19.5:9 (~409 ppi densidad) - lector de huellas dactilares en la parte trasera
							
						
					
						 
							Memoria RAM de 64 GB + 4 GB – microSD, hasta 256 GB – Qualcomm SDM665 Snapdragon Octa-core – Batería de polímero de litio 4000 mAh no extraíble
							
						
					
						 
							Cámara trasera (principal): Quad de 48 MP (ancho) + 8 MP (ultraamplio) + 2 MP (cámara macro dedicada) + 2 MP - Cámara frontal: 13 MP, f/2.0. Video: 2160P a 30 fps, 1080P a 30/60/120 fps, 720P a 960 fps.
							
						
					
						 
							Los teléfonos celulares desbloqueados son compatibles con la mayoría de los operadores GSM, pero ten en cuenta que no son compatibles con los proveedores CDMA. FCC ID: 2AFZZC3JG.
							
						
					
				",NA,"Azul (Neptune Blue)","Xiaomi","
        $4,499.00
    ","4.6 de 5","Envío GRATIS.","384 calificaciones","
        31 preguntas respondidas
      ","-1","-1","-1","-1","Polímero de litio","M1908C3JG","6.3 inches","-1","-1","-1","-1"
"https://www.amazon.com.mx/Xiaomi-Redmi-64GB-Dual-SIM-Blue/dp/B07YX9ZB9R/ref=sr_1_21?keywords=celulares&qid=1589084897&sr=8-21","https://www.amazon.com.mx/Xiaomi-Redmi-64GB-Dual-SIM-Blue/dp/B07YX9ZB9R/ref=sr_1_21?keywords=celulares&qid=1589084897&sr=8-21","
                
                    
                    
                

                
                    
                    
                        Xiaomi Redmi 8 4G 64GB 4GB RAM Dual-SIM Blue EU
                    
                

                
                    
                    
                
            ","
    






    
		
			
                                
							Doble Sim
							
						
					
				",NA,NA,"Xiaomi","
        $3,850.00
    ","4.5 de 5","Envío GRATIS.","529 calificaciones","
        56 preguntas respondidas
      ","-1","-1","-1","-1","Litio Ion","6941059631750","6.22 inches","Touch Screen","-1","-1","-1"
"https://www.amazon.com.mx/Motorola-Moto-plus-1965-Rojo/dp/B07TMQ1X22/ref=sr_1_22?keywords=celulares&qid=1589084897&sr=8-22","https://www.amazon.com.mx/Motorola-Moto-plus-1965-Rojo/dp/B07TMQ1X22/ref=sr_1_22?keywords=celulares&qid=1589084897&sr=8-22","
                
                    
                    
                

                
                    
                    
                        Motorola, Moto G7 plus XT-1965 Moto G7 plus, Deep Indigo
                    
                

                
                    
                    
                
            ","
    






    
		
			
                                
							Cámara 16+5 MP Dual LED Flash, Cámara Frontal 12 MP + Flash, 8 Núcleos + 4 GB RAM
							
						
					
						 
							8 Núcleos a 1.8 GHz + 4 GB RAM, Octacore
							
						
					
						 
							Manual/Guía de usuario, Cable de Sincronización, Cargador de viaje, Herramienta de remoción de SIM
							
						
					
						 
							1080 x 2270, FHD+, 403ppi, notched
							
						
					
						 
							Batería Lithium Ion, 3000 mAh
							
						
					
				",NA,"Deep Indigo","Motorola",NA,"4.5 de 5",NA,"83 calificaciones","
        67 preguntas respondidas
      ","Android","-1","172 g","15.7 x 0.8 x 7.5 cm","1 Litio Ion necesaria(s), incluida(s)","PADR0024MX","1080 x 2270","-1","-1","Deep Indigo","Celular, Manual/Guía de usuario, Cable de Sincronización, Cargador de viaje, Herramienta de remoción de SIM"
"https://www.amazon.com.mx/HUAWEI-5T-Smartphone-dactilar-pantalla/dp/B07YLKSVTX/ref=sr_1_23?keywords=celulares&qid=1589084897&sr=8-23","https://www.amazon.com.mx/HUAWEI-5T-Smartphone-dactilar-pantalla/dp/B07YLKSVTX/ref=sr_1_23?keywords=celulares&qid=1589084897&sr=8-23","
                
                    
                    
                

                
                    
                    
                        HUAWEI nova 5T Smartphone, 48MP Cámaras IA, huella dactilar lateral, pantalla 6.26'' FullView, 8 GB RAM+128 GB ROM, 3750 mAh SIM dual teléfono móbil Android, EMUI 9.1, Negro
                    
                

                
                    
                    
                
            ","
    






    
		
			
                                
							Las cuatro cámaras IA montadas en la parte trasera de HUAWEI nova 5T (16MP + 48MP + 2MP + 2MP) capturan impresionantes fotografías de alta definición, ultra gran angular, macro y bokeh. Las cámaras también crean videos del siguiente nivel. Imágenes y videos ricos y claros, desde paisajes extensos hasta impresionantes primeros planos.
							
						
					
						 
							Una enorme cámara selfie frontal de 32 MP, ahora en la esquina superior, utiliza tecnología de inteligencia artificial para resaltar Tu belleza natural única y Tus características individuales para sacar lo mejor de ti.
							
						
					
						 
							El chip Kirin 980 ultrarrápido es el chip SoC de 7 nm líder comercial, un salto innovador en experiencias de usuario fluidas y sin demoras. DUAL-NPU ofrece una excelente capacidad de inteligencia artificial, un mayor rendimiento y una mayor eficiencia, lo que hace que HUAWEI nova 5T responda, sea divertido y emocionante de usar.
							
						
					
						 
							El sensor de huellas dactilares montado en el lateral mejora el diseño al tiempo que desbloquea de forma instantánea y conveniente el HUAWEI nova 5T para una operación conveniente con una sola mano. Nunca pierdas el ritmo.
							
						
					
						 
							La batería de 3750 mAh de HUAWEI nova 5T cuenta con un sistema HUAWEI SuperCharge de 22.5 W. Cargue el 50% de la duración de la batería en solo 30 minutos (según los resultados de las pruebas de laboratorio de HUAWEI).
							
						
					
						 
							HUAWEI está llevando el diseño de teléfonos inteligentes a los límites con una relación pantalla-cuerpo aún mayor en el nuevo HUAWEI nova 5T. Al ocultar la cámara frontal debajo de la pantalla, la pantalla de 6.26'' de HUAWEI nova 5T conserva su integridad completa, revolucionando la experiencia del usuario.
							
						
					
				",NA,"
    
        Negro
    
","Huawei","
        $8,299.00
    ","4.6 de 5","Envío GRATIS.","291 calificaciones","
        289 preguntas respondidas
      ","-1","-1","472 g","-1","1 Litio-metal necesaria(s), incluida(s)","Huawei Nova 5T","-1","-1","Smartphone","Negro","HUAWEI nova 5T x 1, Batería incorporada x 1, Cargador x 1, Cable tipo C x 1, Guía de inicio rápido x 1, Herramienta de expulsión x 1, Adaptador de conector de auriculares tipo C a 3,5 mm x 1"
"https://www.amazon.com.mx/Xiaomi-pulgadas-Smartphone-desbloqueado-f%C3%A1brica/dp/B07YJHXZT6/ref=sr_1_24?keywords=celulares&qid=1589084897&sr=8-24","https://www.amazon.com.mx/Xiaomi-pulgadas-Smartphone-desbloqueado-f%C3%A1brica/dp/B07YJHXZT6/ref=sr_1_24?keywords=celulares&qid=1589084897&sr=8-24","
                
                    
                    
                

                
                    
                    
                        Xiaomi Redmi Note 8 64 GB + 4 GB de RAM, 6.3 pulgadas LTE 48 MP Smartphone desbloqueado de fábrica GSM - Versión internacional, Blanco
                    
                

                
                    
                    
                
            ","
    






    
		
			
                                
							HSDPA 850/900/2100 - LTE B1 (2100) B2 (1900 PCS) B3 (1800 +) B4 (1700/2100 AWS 1) B5 (850) B7 (2600) B8 (900) B20 (800 DD) B28 (700 APT) B38 (TD 2600) B40 (TD 2300) Dual SIM (Nano-SIM, doble stand-by) (asegúrate de comprobar la compatibilidad con tu operador antes de comprar).
							
						
					
						 
							6.3 pulgadas 1080 x 2340 píxeles, relación 19.5:9 (~409 ppi densidad) - lector de huellas dactilares en la parte trasera
							
						
					
						 
							Memoria RAM de 64 GB + 4 GB – microSD, hasta 256 GB – Qualcomm SDM665 Snapdragon Octa-core – Batería de polímero de litio 4000 mAh no extraíble
							
						
					
						 
							Cámara trasera (principal): Quad de 48 MP (ancho) + 8 MP (ultraamplio) + 2 MP (cámara macro dedicada) + 2 MP - Cámara frontal: 13 MP, f/2.0. Video: 2160P a 30 fps, 1080P a 30/60/120 fps, 720P a 960 fps.
							
						
					
						 
							Los teléfonos celulares desbloqueados son compatibles con la mayoría de los operadores GSM, pero ten en cuenta que no son compatibles con los proveedores CDMA. FCC ID: 2AFZZC3JG.
							
						
					
				",NA,NA,"Xiaomi","
        $4,198.99
    ","4.6 de 5","Envío GRATIS.","4,266 calificaciones","
        294 preguntas respondidas
      ","-1","64 GB","191 g","5 x 7.8 x 15.4 cm","1 Polímero de litio necesaria(s), incluida(s)","B07YJHXZT6","-1","-1","-1","Pearl White","-1"
"https://www.amazon.com.mx/Smartphone-Samsung-Galaxy-M20-Color/dp/B07PMFHBNT/ref=sr_1_25?keywords=celulares&qid=1589084897&sr=8-25","https://www.amazon.com.mx/Smartphone-Samsung-Galaxy-M20-Color/dp/B07PMFHBNT/ref=sr_1_25?keywords=celulares&qid=1589084897&sr=8-25","
                
                    
                    
                

                
                    
                    
                        Smartphone Samsung Galaxy M20 - 3GB + 32GB - Color Azul
                    
                

                
                    
                    
                
            ","
    






    
		
			
                                
							Infinity v display fHD+ de 16cm (6.3"") procesador exynos octa core 7904 de 1.8 ghz
							
						
					
						 
							Dimensiones 156.4 x 74.5 x 8.8 186 gramos
							
						
					
						 
							Cámara trasera de 13 Mpx con 1.9 apertura y 5 Mp ultra wide frontal: 8 Mp
							
						
					
						 
							Material: plastic glossy
							
						
					
				",NA,"Azul","Samsung",NA,"4.6 de 5","Envío GRATIS.","548 calificaciones","
        336 preguntas respondidas
      ","-1","-1","200 g","139 x 74.5 x 8.8 cm","1 Batería no estándar necesaria(s), incluida(s)","SM-M205MZBAMXO","-1","-1","Smartphone","Azul","Galaxy M20"
"https://www.amazon.com.mx/Tel%C3%A9fono-pulgadas-pantalla-dactilar-desbloqueado/dp/B07PNC8DLF/ref=sr_1_26?keywords=celulares&qid=1589084897&sr=8-26","https://www.amazon.com.mx/Tel%C3%A9fono-pulgadas-pantalla-dactilar-desbloqueado/dp/B07PNC8DLF/ref=sr_1_26?keywords=celulares&qid=1589084897&sr=8-26","
                
                    
                    
                

                
                    
                    
                        Huawei Y6 2019 MRD-LX3 Teléfono de 6.09 pulgadas con pantalla Dewdrop, 32 GB, 2GB RAM Dual SIM 13MP+ 8MP A-GPS, huella dactilar, desbloqueado de fábrica, sin garantía EE.UU., Marrón
                    
                

                
                    
                    
                
            ","
    






    
		
			
                                
							Pantalla Dewdrop de 6.09 pulgadas.
							
						
					
						 
							Cámara AF 13M/ cámara FF de 8 MP, con Selfie Toning Flash 2.0
							
						
					
						 
							Versión GSM, no funciona con portadores CDMA como Verizon o Sprint.
							
						
					
						 
							32 GB de ROM, 2 GB de RAM, ranura dual Nano SIM con ranura para tarjeta SD separada.
							
						
					
						 
							Emui 9.0 + Android 9 Pie - Huellas dactilares - Huawei SuperSound TM
							
						
					
				",NA,NA,"Huawei","
        $2,749.00
    ","4.3 de 5","Envío GRATIS.","48 calificaciones","
        13 preguntas respondidas
      ","Android 9.0","-1","200 g","-1","1 Litio Ion necesaria(s), incluida(s)","-1","-1","Touch Screen","-1","Marrón","-1"
"https://www.amazon.com.mx/Samsung-j2-core-8gb-interno/dp/B07H8Q3C9T/ref=sr_1_27?keywords=celulares&qid=1589084897&sr=8-27","https://www.amazon.com.mx/Samsung-j2-core-8gb-interno/dp/B07H8Q3C9T/ref=sr_1_27?keywords=celulares&qid=1589084897&sr=8-27","
                
                    
                    
                

                
                    
                    
                        Samsung J2 Core 1GB+8GB Dual Sim Color Negro
                    
                

                
                    
                    
                
            ","
    






    
		
			
                                
							Dual Nano Sim 4G LTE Desbloqueado Cualquier GSM Carrier Desbloqueados GSM (no para Verizon SPRINT NET10 o cualquier CDMA Carrier)
							
						
					
						 
							Correas de lente: B1 (2100), B2 (1900), B3 (1800), B4 (AWS), B5 (850), B7 (2600), B8 (900), B17 (700), B28 (700) 3G UTMS B1 (2100), B2(1900), B4 (AWS), B5 (850), B8 (900).
							
						
					
						 
							Android 8 Oreo (edición Go) 8mp Flash Cámara Trasera + 5Mp Cámara Frontal
							
						
					
						 
							Quad Core 1.4 GHz / 8 GB (4.1 GB de usuario) 1 GB Ram Support Micro SD hasta 256 GB (no incluido)
							
						
					
						 
							5.0 pulgadas 540 x 960 (qHD) Factory Unlock International versión latino especificaciones
							
						
					
				",NA,"
    
        Negro
    
","Samsung","
        $1,999.00
    ","4.2 de 5",NA,"836 calificaciones","
        4 preguntas respondidas
      ","android","1 GB","49.9 g","14.4 x 7.2 x 0.9 cm","1 Litio-metal necesaria(s), incluida(s)","J2 CORE","540 x 960","Buttons","-1","Negro","-1"
"https://www.amazon.com.mx/Huawei-pantalla-pulgadas-c%C3%A1maras-desbloqueado/dp/B07VYPJCRW/ref=sr_1_28?keywords=celulares&qid=1589084897&sr=8-28","https://www.amazon.com.mx/Huawei-pantalla-pulgadas-c%C3%A1maras-desbloqueado/dp/B07VYPJCRW/ref=sr_1_28?keywords=celulares&qid=1589084897&sr=8-28","
                
                    
                    
                

                
                    
                    
                        Huawei Y9 Prime 2019 (128 GB, 4 GB RAM) pantalla de 6.59 pulgadas, 3 cámaras AI, batería de 4000 mAh, Dual SIM GSM desbloqueado de fábrica - STK-LX3, US & Global 4G LTE modelo internacional, 128 GB, Verde esmeralda
                    
                

                
                    
                    
                
            ","
    






    
		
			
                                
							Visualización: LTPS IPS LCD 6.59 pulgadas 1080 x 2340 píxeles.
							
						
					
						 
							Android 9.0 (Pie); EMUI 9.
							
						
					
						 
							Hisilicon Kirin 710F (12 nm) Octa-core (4x2.2 GHz Cortex-A73 & 4x1.7 GHz Cortex-A53) Mali-G51 MP4.
							
						
					
						 
							microSD, hasta 1 TB 128 GB, 4 GB RAM.
							
						
					
						 
							No apto para operadores CDMA como Verizon, Sprint, Virgin Mobile, Boost Mobile, US Cellular, Straight Talk ni cualquier otro operador CDMA.
							
						
					
				",NA,NA,"Huawei","
        $5,499.00
    ","4.5 de 5","Envío GRATIS.","144 calificaciones","
        28 preguntas respondidas
      ","Android","4 GB","163 g","-1","1 Litio Ion necesaria(s), incluida(s)","STK-LX3","1080 x 2340","-1","-1","Verde esmeralda","-1"
"https://www.amazon.com.mx/Honor-9X-128Gb-6Gb-Ram/dp/B084X75JJW/ref=sr_1_29?keywords=celulares&qid=1589084897&sr=8-29","https://www.amazon.com.mx/Honor-9X-128Gb-6Gb-Ram/dp/B084X75JJW/ref=sr_1_29?keywords=celulares&qid=1589084897&sr=8-29","
                
                    
                    
                

                
                    
                    
                        Honor 9X 128Gb 6Gb Ram - Azul
                    
                

                
                    
                    
                
            ","
    






    
		
			
                                
							Pantalla 6.59” IPS LCD Full HD+ con 391ppi
							
						
					
						 
							Procesador: HiSilicon Kirin 710F a 2.2 Ghz
							
						
					
						 
							GPU: Mali-G51 MP4
							
						
					
						 
							Cámara trasera triple de 48+8+2Mp
							
						
					
						 
							Cámara frontal Pop-Up 16Mp
							
						
					
				",NA,NA,"Honor","
        $4,919.45
    ","4.6 de 5",NA,"20 calificaciones","
        16 preguntas respondidas
      ","-1","-1","-1","-1","Litio Ion","STK-LX3","Litio Ion","-1","-1","-1","-1"
"https://www.amazon.com.mx/Huawei-Dual-2019-32GB-MRD-LX3/dp/B07PKVLDHP/ref=sr_1_30?keywords=celulares&qid=1589084897&sr=8-30","https://www.amazon.com.mx/Huawei-Dual-2019-32GB-MRD-LX3/dp/B07PKVLDHP/ref=sr_1_30?keywords=celulares&qid=1589084897&sr=8-30","
                
                    
                    
                

                
                    
                    
                        Huawei Y6 Dual 2019 32GB (MRD-LX3) Azul
                    
                

                
                    
                    
                
            ","
    






    
		
			
                                
							Pantalla: 6.09 ""
							
						
					
						 
							Procesador: MediaTek Helio A22 2GHz
							
						
					
						 
							Almacenamiento: 32GB
							
						
					
						 
							Cámara: 13 MP
							
						
					
						 
							Batería: 3020 mAh
							
						
					
				",NA,"
    
        Azul
    
","Huawei","
        $2,748.00
    ","4.3 de 5","Envío GRATIS.","74 calificaciones","
        25 preguntas respondidas
      ","Android","-1","340 g","-1","1 Litio Ion necesaria(s), incluida(s)","MRD-LX3","-1","-1","-1","Azul","-1"
